{"Hubei, China": [45.70138888888889, 0.6683333333333334], "Italy": [48.937961309523814, 0.6532142857142855], "Spain": [53.06009057971014, 0.6543478260869565], "Germany": [40.849239130434796, 0.7669565217391304], "Iran": [54.373577251552796, 0.2342857142857143], "France": [46.07882246376812, 0.7482608695652173], "Switzerland": [33.179782608695646, 0.8356521739130436], "Netherlands": [44.16534420289855, 0.738695652173913], "Belgium": [45.33829710144927, 0.7308695652173914], "Austria": [35.24710144927536, 0.7000000000000001], "Norway": [26.157699275362322, 0.6447826086956523], "Sweden": [30.591286231884055, 0.6756521739130436], "Portugal": [55.51891304347827, 0.7182608695652172], "Brazil": [76.76650362318841, 0.8978260869565219], "Guangdong, China": [58.27376602564103, 0.7365384615384615], "Denmark": [39.91338768115941, 0.7739130434782607], "Malaysia": [75.67932971014493, 0.9669565217391305], "Henan, China": [42.33928333333334, 0.6148000000000001], "Zhejiang, China": [44.50066666666667, 0.8591999999999999], "Czechia": [40.042173913043484, 0.7082608695652174], "Japan": [37.90796875, 0.6059375000000002], "Israel": [56.630380434782616, 0.683913043478261], "Hunan, China": [45.381600000000006, 0.8204000000000002], "New York, US": [36.494375, 0.6525], "Washington, US": [36.5634375, 0.6708333333333333], "New Jersey, US": [48.10826388888891, 0.6016666666666666], "California, US": [54.29027777777778, 0.7324999999999999], "Illinois, US": [40.08885416666667, 0.7825000000000001], "Michigan, US": [35.80678030303031, 0.6736363636363636]}